,Age,Location,Device,Variant,Time Spent,CTR
0,62,Location2,Device2,Control,13.92866854,0.084775989
1,18,Location1,Device1,Variant B,11.31051774,0.096858868
2,21,Location2,Device1,Variant B,24.84210015,0.097630002
3,21,Location1,Device3,Variant B,20.06129987,0.109782963
4,57,Location1,Device2,Variant B,34.49550299,0.068578897
5,27,Location3,Device1,Variant B,26.12924607,0.149340516
6,37,Location3,Device3,Variant B,20.52536204,0.095788159
7,39,Location2,Device1,Variant A,21.52521696,0.149985444
8,54,Location3,Device2,Control,21.9106082,0.135534563
9,41,Location1,Device2,Variant A,27.64278759,0.137266306
10,24,Location2,Device3,Variant B,21.11301612,0.120459037
11,42,Location2,Device3,Variant B,19.65904449,0.092851158
12,42,Location2,Device3,Variant B,32.97505256,0.137639623
13,30,Location2,Device3,Variant A,26.20850162,0.087875444
14,19,Location3,Device3,Variant B,21.3347996,0.129878363
15,56,Location2,Device2,Variant A,7.800900839,0.069780776
16,57,Location1,Device3,Control,37.52736763,0.130966055
17,41,Location2,Device3,Variant A,32.69943698,0.114625651
18,64,Location3,Device3,Variant A,21.05718634,0.101043572
19,42,Location1,Device3,Control,21.53268661,0.081167902
20,35,Location3,Device2,Variant B,23.85436133,0.136045104
21,55,Location3,Device2,Variant A,30.03231767,0.102449404
22,43,Location3,Device1,Control,16.17154829,0.085844776
23,31,Location3,Device3,Variant A,29.31974242,0.065666989
24,26,Location2,Device3,Variant A,29.23469995,0.100263332
25,27,Location3,Device2,Control,23.52347372,0.08957164
26,38,Location2,Device2,Variant A,18.7022205,0.147366967
27,34,Location2,Device2,Control,23.71484377,0.098160413
28,23,Location3,Device3,Variant A,18.54858886,0.117207191
29,33,Location1,Device1,Variant B,28.78639954,0.128217835
30,18,Location3,Device1,Control,20.4523407,0.110331822
31,36,Location3,Device2,Variant B,26.51262834,0.08937281
32,53,Location2,Device2,Variant A,20.45704175,0.137304787
33,42,Location2,Device2,Variant B,31.19842862,0.117384401
34,47,Location2,Device2,Control,21.77939337,0.101233653
35,37,Location2,Device1,Variant A,16.83168404,0.134212551
36,37,Location3,Device1,Control,16.84174981,0.107954362
37,32,Location1,Device2,Variant A,26.16959467,0.125594349
38,57,Location1,Device1,Variant B,21.31724856,0.09476043
39,50,Location1,Device2,Variant B,28.98810504,0.095453883
40,19,Location1,Device1,Control,22.72418883,0.084304966
41,27,Location2,Device3,Control,20.59090284,0.080122717
42,50,Location3,Device3,Variant A,14.68576499,0.117524461
43,49,Location2,Device1,Control,25.11442491,0.141713506
44,28,Location2,Device2,Control,18.27497371,0.134261235
45,41,Location3,Device1,Variant B,26.55132787,0.061604145
46,53,Location3,Device2,Control,12.48316162,0.089038798
47,29,Location3,Device2,Control,24.98188526,0.086663022
48,46,Location2,Device2,Variant A,31.49870155,0.138218834
49,52,Location1,Device2,Variant B,23.9527317,0.109533826
50,18,Location2,Device1,Variant B,15.7860231,0.090580153
51,18,Location2,Device1,Variant A,21.69047883,0.109959752
52,54,Location3,Device3,Variant B,26.62223863,0.114978955
53,23,Location2,Device2,Variant A,28.92981279,0.12644651
54,56,Location1,Device3,Variant A,16.14126312,0.127967506
55,58,Location1,Device1,Control,17.09783667,0.090300905
56,35,Location2,Device1,Control,17.14878009,0.07093831
57,33,Location3,Device2,Variant A,37.43481753,0.095452442
58,22,Location2,Device1,Control,22.39016719,0.097622677
59,59,Location1,Device2,Control,10.93698264,0.068557576
60,60,Location1,Device3,Variant B,14.25292624,0.088657011
61,49,Location2,Device2,Variant B,28.01955705,0.114060003
62,19,Location1,Device1,Control,19.54810429,0.116073077
63,19,Location2,Device1,Variant A,27.08915416,0.161379301
64,57,Location1,Device1,Variant A,20.71220484,0.11790307
65,59,Location3,Device3,Control,18.90819092,0.107027953
66,53,Location1,Device2,Control,16.18007192,0.103880907
67,56,Location2,Device3,Variant A,26.89248418,0.137629683
68,29,Location2,Device1,Variant B,30.54501808,0.106135161
69,64,Location3,Device2,Variant B,25.55616303,0.074916574
70,36,Location1,Device3,Variant A,21.54503887,0.110537106
71,45,Location2,Device2,Control,18.52869412,0.112642719
72,18,Location1,Device1,Variant B,25.0326925,0.090995346
73,32,Location3,Device3,Variant A,22.75274327,0.135127672
74,53,Location2,Device2,Control,23.30961824,0.132160273
75,30,Location3,Device2,Control,30.39088592,0.08795446
76,60,Location2,Device1,Variant B,20.99390685,0.124019452
77,38,Location1,Device1,Control,7.206894134,0.112085382
78,29,Location2,Device1,Variant A,21.88970997,0.079236336
79,22,Location3,Device3,Variant A,20.97446642,0.090382212
80,24,Location2,Device3,Variant A,25.7487715,0.146230232
81,22,Location3,Device2,Variant A,16.88013818,0.108921948
82,21,Location2,Device2,Control,21.58983455,0.090133714
83,30,Location3,Device3,Variant A,29.83341486,0.11490683
84,54,Location1,Device2,Variant B,30.26031722,0.124364245
85,58,Location2,Device3,Control,14.75378373,0.112206479
86,32,Location1,Device2,Control,16.39560272,0.098982017
87,33,Location2,Device3,Control,23.63750828,0.108909089
88,38,Location2,Device2,Variant A,29.33466913,0.123399556
89,53,Location1,Device2,Control,25.84023672,0.100203544
90,41,Location3,Device3,Variant A,21.89304397,0.120654057
91,33,Location1,Device1,Variant A,27.60537109,0.134094176
92,31,Location1,Device3,Control,9.172517234,0.078599057
93,39,Location2,Device3,Control,23.29260045,0.114202707
94,23,Location3,Device1,Variant A,23.60647724,0.101929938
95,59,Location3,Device2,Control,22.02226079,0.107183886
96,53,Location1,Device1,Control,20.20243275,0.075977767
97,18,Location1,Device1,Variant A,25.87718376,0.120051469
98,49,Location3,Device1,Variant A,25.98472957,0.128026963
99,23,Location1,Device2,Control,17.23862566,0.096332882
100,48,Location2,Device3,Variant A,18.26857057,0.121024094
101,18,Location2,Device1,Variant A,21.27719934,0.095726788
102,54,Location1,Device2,Variant B,22.11129833,0.119256865
103,52,Location2,Device2,Control,28.43055254,0.067424763
104,47,Location3,Device3,Control,17.05491039,0.109595377
105,21,Location1,Device3,Control,20.38748642,0.11362399
106,52,Location2,Device1,Control,23.19838074,0.099973479
107,60,Location1,Device2,Control,18.47690045,0.168362648
108,31,Location3,Device3,Variant A,21.40286694,0.135955773
109,57,Location2,Device1,Control,10.61662246,0.133568664
110,39,Location3,Device2,Control,27.49106635,0.094993784
111,27,Location1,Device2,Variant B,22.1324138,0.166768131
112,18,Location1,Device3,Variant A,23.03334988,0.1083056
113,28,Location2,Device2,Control,19.546412,0.048446879
114,61,Location3,Device2,Control,22.15541863,0.101427188
115,41,Location1,Device3,Control,23.62016421,0.08328048
116,20,Location3,Device2,Control,16.92611994,0.104303745
117,52,Location3,Device2,Variant A,30.46315432,0.126409211
118,53,Location2,Device1,Variant B,24.94501567,0.130954558
119,48,Location3,Device2,Variant B,25.02995424,0.128635342
120,21,Location1,Device3,Control,24.22353303,0.098240732
121,36,Location1,Device2,Variant B,18.15917061,0.090376728
122,64,Location2,Device3,Variant B,24.60573936,0.099218449
123,53,Location3,Device3,Variant B,23.89547599,0.122525988
124,38,Location1,Device2,Variant B,16.44807055,0.068897205
125,35,Location1,Device3,Variant B,29.29273219,0.115660336
126,45,Location2,Device1,Variant A,30.20864088,0.130098586
127,32,Location3,Device3,Variant A,24.06277083,0.089748245
128,59,Location3,Device1,Variant A,26.92532045,0.111992883
129,19,Location3,Device3,Variant B,31.06058293,0.092997871
130,54,Location1,Device2,Variant A,20.45037838,0.110764773
131,28,Location1,Device3,Variant B,24.51175252,0.109319567
132,40,Location2,Device3,Variant B,21.52776657,0.098421699
133,61,Location1,Device3,Variant A,16.4748658,0.152199603
134,58,Location2,Device1,Control,20.95101533,0.092963254
135,29,Location2,Device1,Variant B,19.56994705,0.10546199
136,20,Location3,Device1,Variant B,18.84224798,0.111517578
137,34,Location2,Device1,Variant A,21.934598,0.112121048
138,50,Location3,Device1,Variant B,22.09484597,0.086022844
139,18,Location3,Device2,Variant B,18.88544255,0.072469832
140,56,Location1,Device3,Variant B,25.94570796,0.129834798
141,37,Location1,Device3,Variant A,18.74749405,0.172728191
142,64,Location2,Device2,Control,22.9660113,0.065075845
143,60,Location2,Device2,Control,15.01693252,0.103153833
144,58,Location2,Device2,Variant A,16.48747254,0.097770483
145,31,Location2,Device2,Variant B,19.25413583,0.098252071
146,48,Location1,Device1,Control,23.53655699,0.098807694
147,42,Location2,Device3,Variant A,16.81507125,0.150255767
148,20,Location3,Device2,Variant A,25.06574588,0.102308912
149,21,Location1,Device2,Variant B,18.59709762,0.111157831
150,48,Location3,Device3,Variant B,22.91915841,0.091315034
151,52,Location2,Device2,Variant A,12.65254909,0.072666117
152,61,Location1,Device1,Variant A,30.05747077,0.086020355
153,31,Location3,Device1,Variant A,28.36674555,0.147829139
154,58,Location1,Device1,Control,19.22731933,0.1513362
155,26,Location3,Device2,Variant B,18.70522011,0.148395962
156,37,Location1,Device3,Variant A,26.58846171,0.143191623
157,49,Location3,Device2,Variant B,26.79501287,0.118286252
158,26,Location3,Device3,Control,19.34882063,0.092074805
159,44,Location3,Device1,Variant A,25.17221936,0.143458385
160,20,Location1,Device1,Variant B,37.64037022,0.122556646
161,21,Location3,Device3,Control,28.85270041,0.086186666
162,62,Location3,Device2,Variant A,30.05403212,0.1213036
163,32,Location2,Device2,Variant B,25.29056035,0.135869657
164,50,Location3,Device2,Variant A,24.40962125,0.120332107
165,22,Location2,Device1,Variant B,20.03424529,0.129782404
166,21,Location1,Device2,Variant B,20.73649587,0.084772485
167,63,Location3,Device3,Control,11.6013974,0.109389785
168,29,Location1,Device2,Control,16.43849528,0.11908373
169,40,Location2,Device2,Control,20.64078719,0.131336988
170,31,Location2,Device3,Control,21.51174691,0.081588739
171,63,Location1,Device3,Control,15.27106775,0.094289485
172,29,Location3,Device1,Variant B,36.2399306,0.112968301
173,34,Location1,Device1,Control,16.39594818,0.086516095
174,42,Location2,Device2,Variant B,20.51569047,0.06604786
175,47,Location2,Device2,Variant B,20.54697757,0.10615772
176,39,Location3,Device1,Variant A,27.91281076,0.118145684
177,64,Location2,Device2,Variant B,28.53649251,0.136195362
178,43,Location3,Device2,Variant B,23.7702541,0.138167765
179,34,Location3,Device3,Control,22.49896661,0.114045914
180,37,Location3,Device2,Variant B,20.752566,0.089837258
181,51,Location2,Device3,Control,33.43379296,0.09962025
182,58,Location1,Device1,Variant B,22.60835067,0.145620284
183,50,Location1,Device2,Variant B,24.54227995,0.131998328
184,54,Location2,Device3,Control,19.00062479,0.084417971
185,24,Location1,Device3,Variant A,26.88843379,0.125200456
186,39,Location1,Device3,Variant B,24.0777611,0.122691884
187,49,Location2,Device3,Variant B,14.00816987,0.124128053
188,31,Location1,Device2,Control,16.65933374,0.065404804
189,25,Location2,Device1,Control,9.219316535,0.089841392
190,42,Location3,Device3,Variant A,33.83977153,0.115312421
191,33,Location3,Device1,Variant A,22.94533693,0.105586265
192,59,Location1,Device3,Variant A,22.25694197,0.080611831
193,36,Location2,Device3,Variant B,23.41443715,0.073818717
194,58,Location3,Device3,Variant B,26.40761293,0.116487321
195,33,Location2,Device1,Control,21.93221299,0.107053928
196,29,Location2,Device1,Control,27.64792347,0.094272977
197,56,Location2,Device1,Control,27.00303639,0.078941395
198,47,Location1,Device2,Variant A,32.63774159,0.094273882
199,19,Location3,Device1,Variant A,28.27765394,0.123899423
200,49,Location1,Device2,Variant A,36.67443621,0.146058819
201,62,Location2,Device2,Variant B,28.30396093,0.157263649
202,42,Location3,Device1,Variant B,17.18735445,0.13404258
203,42,Location1,Device3,Control,14.92410777,0.10691813
204,21,Location3,Device3,Variant A,31.48813457,0.126984742
205,36,Location1,Device2,Variant B,23.12955753,0.140106179
206,21,Location2,Device3,Variant A,24.93038253,0.143201199
207,60,Location3,Device3,Variant B,18.84334154,0.126119859
208,30,Location2,Device2,Variant A,23.55570267,0.120248484
209,56,Location2,Device1,Variant B,25.33899186,0.115213782
210,53,Location3,Device2,Variant B,22.56781016,0.106407262
211,40,Location3,Device1,Variant B,12.36638925,0.129888803
212,23,Location1,Device1,Variant B,24.57807297,0.115135149
213,41,Location1,Device2,Control,19.55654081,0.092813702
214,61,Location2,Device3,Variant A,25.98895646,0.096675708
215,50,Location1,Device1,Variant B,32.99136097,0.101918437
216,29,Location3,Device2,Variant B,23.17282102,0.108939334
217,58,Location3,Device2,Variant A,27.50350156,0.11488627
218,38,Location3,Device2,Variant B,28.44118034,0.144826975
219,28,Location2,Device1,Variant B,20.93299889,0.12591051
220,61,Location1,Device3,Variant A,26.32708008,0.114287005
221,55,Location1,Device3,Control,21.70742079,0.123148054
222,46,Location1,Device2,Control,16.06129482,0.119905454
223,58,Location1,Device1,Variant B,15.2969845,0.097001121
224,20,Location1,Device3,Control,19.83737753,0.100904181
225,45,Location1,Device2,Control,18.45141537,0.129584164
226,37,Location1,Device3,Variant B,12.85984593,0.083126135
227,43,Location2,Device3,Variant B,16.5499148,0.116085792
228,41,Location1,Device1,Control,21.46212102,0.106623832
229,64,Location1,Device2,Variant B,16.51235547,0.078526431
230,38,Location1,Device3,Variant B,26.93422843,0.14081865
231,47,Location2,Device3,Control,9.965115432,0.099582605
232,21,Location1,Device1,Variant A,17.29305924,0.101221196
233,53,Location2,Device1,Control,17.85825791,0.110538923
234,57,Location2,Device3,Control,24.73618611,0.09541597
235,27,Location2,Device1,Control,13.36644002,0.092038761
236,27,Location3,Device1,Variant B,27.48128308,0.128278051
237,59,Location1,Device2,Control,8.679658422,0.082127239
238,41,Location3,Device2,Variant B,18.00584295,0.141586668
239,21,Location1,Device3,Variant A,15.47237164,0.148744339
240,64,Location2,Device3,Control,11.83184527,0.124133665
241,44,Location2,Device3,Variant A,16.66468908,0.146719057
242,62,Location1,Device1,Control,25.3128768,0.084154785
243,21,Location1,Device2,Variant B,29.03255532,0.099791188
244,49,Location2,Device3,Variant A,21.84525328,0.133014521
245,27,Location1,Device2,Control,15.29941368,0.083220814
246,28,Location1,Device1,Variant A,23.36736662,0.111340059
247,45,Location3,Device2,Variant B,12.31075392,0.108093193
248,63,Location2,Device1,Variant B,27.18372308,0.099471515
249,25,Location3,Device3,Control,22.67954734,0.090293471
250,57,Location2,Device1,Control,28.15447409,0.107048614
251,39,Location3,Device1,Variant A,27.0495741,0.113165924
252,51,Location1,Device1,Variant B,19.41118661,0.115865641
253,62,Location1,Device1,Variant B,24.45678932,0.120073843
254,52,Location2,Device3,Control,19.52837373,0.124348716
255,52,Location2,Device2,Variant B,20.44245655,0.132296606
256,42,Location2,Device3,Variant B,39.39576963,0.098561091
257,51,Location3,Device3,Variant B,19.69276817,0.091428388
258,23,Location2,Device1,Variant A,24.18895047,0.107770247
259,58,Location1,Device3,Variant A,29.27268606,0.116963505
260,54,Location2,Device1,Variant A,24.99879984,0.108663333
261,18,Location1,Device2,Variant B,30.32369535,0.138417344
262,29,Location3,Device1,Control,16.76430341,0.107997328
263,52,Location1,Device2,Control,19.72261721,0.104465448
264,23,Location1,Device3,Control,24.6119449,0.108987668
265,34,Location3,Device1,Variant A,32.27546961,0.104611569
266,26,Location1,Device2,Variant B,22.59014588,0.103840557
267,19,Location3,Device3,Variant A,26.17314219,0.134235692
268,35,Location3,Device2,Variant A,20.59373703,0.156822421
269,53,Location3,Device1,Control,11.85079189,0.084317125
270,45,Location1,Device2,Control,22.46363322,0.075067346
271,58,Location3,Device2,Variant B,25.58855444,0.116530018
272,54,Location2,Device2,Variant A,26.09509582,0.120153025
273,43,Location1,Device3,Variant B,26.67159976,0.112373533
274,21,Location1,Device2,Variant A,19.27612312,0.131212672
275,57,Location2,Device2,Variant B,19.95755789,0.082768256
276,53,Location2,Device2,Variant A,20.1403109,0.156663977
277,48,Location2,Device2,Variant B,25.50008686,0.110975925
278,47,Location2,Device1,Variant A,18.88329775,0.11152421
279,51,Location3,Device1,Variant A,27.97701413,0.134423498
280,36,Location1,Device3,Control,19.290222,0.071765072
281,35,Location1,Device2,Variant A,24.4432579,0.13498792
282,47,Location2,Device3,Control,15.61358046,0.102839905
283,38,Location3,Device2,Variant B,28.52590748,0.113327934
284,20,Location3,Device1,Control,7.114805678,0.048680538
285,23,Location2,Device2,Variant A,24.47436436,0.159793105
286,55,Location2,Device3,Control,22.51444814,0.090505421
287,30,Location2,Device2,Control,22.91060354,0.127129593
288,62,Location2,Device1,Variant B,21.75339151,0.106123736
289,20,Location3,Device3,Control,30.45873415,0.104276938
290,45,Location1,Device2,Variant B,30.78574872,0.08448291
291,39,Location3,Device1,Variant B,26.34125021,0.082723337
292,57,Location1,Device2,Control,19.66686157,0.114672924
293,57,Location1,Device1,Variant A,17.71407631,0.111935408
294,29,Location1,Device3,Variant B,25.78903308,0.077817126
295,40,Location3,Device3,Control,10.72929712,0.093754111
296,48,Location2,Device2,Variant B,23.68773925,0.125353445
297,35,Location2,Device1,Control,20.52677198,0.111872114
298,24,Location3,Device3,Control,16.48859481,0.124496634
299,25,Location3,Device2,Variant A,28.64127676,0.116482995
300,36,Location1,Device2,Control,14.1678892,0.13201083
301,46,Location3,Device2,Variant B,30.8033004,0.103346775
302,61,Location1,Device1,Variant B,21.63011357,0.081739628
303,37,Location3,Device2,Variant A,21.44891282,0.131286335
304,59,Location2,Device1,Variant B,10.54823267,0.098260707
305,47,Location2,Device2,Variant A,35.96870014,0.157998748
306,64,Location2,Device1,Control,26.79155013,0.142264508
307,39,Location3,Device2,Control,19.82498241,0.108799613
308,27,Location1,Device2,Control,14.73808423,0.093302294
309,43,Location2,Device1,Variant A,23.71826283,0.092793093
310,50,Location1,Device3,Variant B,19.78776406,0.041401549
311,45,Location2,Device3,Variant B,22.30513386,0.115270787
312,27,Location1,Device3,Control,19.44899774,0.118319893
313,46,Location3,Device1,Variant B,21.91888194,0.093033451
314,61,Location3,Device3,Variant A,25.71556265,0.114464835
315,35,Location1,Device2,Variant A,22.29272162,0.121542144
316,59,Location3,Device1,Variant A,25.51496346,0.129923354
317,18,Location1,Device3,Variant A,22.69926152,0.113763908
318,40,Location3,Device2,Variant B,21.23631015,0.127376173
319,34,Location3,Device2,Variant A,25.42309379,0.143648616
320,60,Location1,Device1,Variant B,17.47654083,0.110078574
321,54,Location2,Device3,Control,14.92664705,0.091477553
322,48,Location2,Device2,Variant B,21.15860717,0.094306624
323,42,Location2,Device3,Variant A,31.26989827,0.138560384
324,21,Location1,Device2,Variant B,22.61622309,0.096569823
325,26,Location2,Device2,Control,17.00108885,0.124367811
326,45,Location3,Device1,Control,17.61115408,0.070857174
327,47,Location2,Device3,Control,15.2686966,0.142776262
328,64,Location3,Device2,Variant B,19.44325391,0.098802084
329,41,Location2,Device3,Variant A,19.51948351,0.145986455
330,50,Location2,Device3,Variant A,23.25841609,0.06829157
331,37,Location1,Device3,Variant B,16.68228224,0.142135851
332,26,Location3,Device1,Variant A,25.106959,0.127762577
333,25,Location3,Device2,Variant A,20.07598835,0.113204397
334,41,Location3,Device3,Variant B,23.23562205,0.104010045
335,31,Location2,Device1,Control,18.4646868,0.087142096
336,35,Location2,Device3,Variant A,23.99082458,0.112110341
337,18,Location1,Device1,Control,19.51864368,0.080621962
338,29,Location1,Device3,Variant A,36.32368866,0.102217479
339,46,Location1,Device3,Control,23.34467774,0.068148646
340,54,Location2,Device3,Control,18.43145995,0.104066606
341,43,Location1,Device1,Variant A,28.44979186,0.136861128
342,50,Location3,Device1,Variant A,24.59064237,0.11075997
343,60,Location1,Device2,Variant B,19.37788543,0.121828006
344,32,Location2,Device2,Variant A,17.25146483,0.095861511
345,40,Location1,Device1,Variant A,25.81044072,0.116514613
346,46,Location3,Device2,Variant B,23.1702168,0.120974353
347,38,Location3,Device1,Control,24.81993466,0.138585018
348,36,Location3,Device1,Variant B,24.47412852,0.082037335
349,22,Location2,Device1,Control,24.45531757,0.107703711
350,40,Location3,Device2,Variant B,26.92139496,0.117662147
351,53,Location1,Device3,Variant A,30.46917444,0.125189798
352,37,Location1,Device2,Variant A,28.97099056,0.13812303
353,25,Location3,Device3,Control,24.40791692,0.114757381
354,26,Location2,Device2,Variant A,29.5271372,0.166602271
355,31,Location3,Device3,Control,18.67163034,0.108742903
356,23,Location1,Device3,Variant B,23.8764782,0.100204378
357,18,Location1,Device1,Variant A,29.76225793,0.128301568
358,26,Location3,Device2,Control,18.93333422,0.083782765
359,33,Location2,Device3,Variant B,19.1824944,0.074044801
360,33,Location1,Device2,Variant A,21.16233155,0.081292583
361,29,Location2,Device1,Variant A,26.80179131,0.088438552
362,22,Location3,Device1,Control,26.46542264,0.073294183
363,57,Location1,Device3,Variant A,24.54153898,0.146641888
364,46,Location1,Device1,Control,15.61155524,0.090316526
365,63,Location1,Device2,Variant A,25.54267597,0.132577079
366,44,Location1,Device1,Variant B,28.05568899,0.097654481
367,28,Location1,Device1,Variant A,25.99837362,0.11498244
368,64,Location1,Device1,Control,14.73049293,0.100049384
369,45,Location3,Device1,Control,32.93603496,0.081097017
370,53,Location1,Device2,Control,12.28955733,0.097495657
371,59,Location1,Device2,Variant B,26.08326514,0.098941375
372,36,Location3,Device3,Variant A,28.87743673,0.100838183
373,52,Location1,Device1,Variant A,22.55964225,0.115116434
374,48,Location1,Device3,Variant A,19.55935756,0.099704025
375,61,Location3,Device3,Control,19.89153998,0.12190939
376,36,Location1,Device2,Control,25.21763555,0.123612627
377,63,Location1,Device1,Variant A,19.59410552,0.117050017
378,41,Location3,Device1,Control,31.87865404,0.098791841
379,19,Location1,Device2,Variant A,30.08768388,0.122533457
380,24,Location3,Device2,Variant A,20.27257659,0.121861845
381,60,Location1,Device2,Control,9.005805602,0.118212555
382,48,Location1,Device1,Variant A,24.22954604,0.110340247
383,34,Location3,Device3,Control,20.56963156,0.091253718
384,44,Location2,Device3,Variant A,19.28943721,0.124903597
385,53,Location3,Device1,Control,24.14697928,0.095243002
386,60,Location2,Device3,Control,25.94736286,0.089913059
387,27,Location2,Device1,Control,19.13527353,0.079449462
388,62,Location1,Device1,Variant A,25.58994633,0.139675464
389,31,Location3,Device2,Variant A,22.41881881,0.100239809
390,24,Location2,Device1,Variant B,25.85479101,0.102734122
391,56,Location2,Device2,Variant A,22.0459929,0.100106368
392,57,Location2,Device2,Variant A,30.81117075,0.111469107
393,26,Location2,Device3,Variant A,19.15269352,0.124968265
394,31,Location3,Device2,Variant B,28.28378119,0.121208987
395,25,Location1,Device3,Variant B,29.72974498,0.111959939
396,34,Location1,Device1,Variant A,25.56711032,0.120921226
397,40,Location2,Device3,Variant A,23.72737533,0.107711114
398,33,Location1,Device3,Control,12.20369945,0.09562783
399,43,Location2,Device3,Variant A,25.37191153,0.117716084
400,26,Location1,Device1,Control,21.49742804,0.100180063
401,53,Location1,Device1,Variant A,26.48639084,0.144511213
402,24,Location3,Device2,Control,18.36281287,0.101922649
403,35,Location2,Device1,Variant B,18.81777784,0.097651517
404,25,Location3,Device2,Variant B,24.26649367,0.106647929
405,38,Location1,Device1,Variant A,34.32582681,0.129508075
406,43,Location2,Device3,Variant B,19.36394883,0.074162689
407,20,Location2,Device2,Variant B,9.68180989,0.11846882
408,34,Location2,Device1,Control,19.38809378,0.087047218
409,63,Location2,Device1,Variant B,25.06782172,0.102366769
410,41,Location2,Device1,Variant A,32.48566746,0.12815775
411,42,Location2,Device3,Variant A,31.30297013,0.132755574
412,22,Location1,Device2,Variant B,22.33513052,0.12836647
413,54,Location2,Device2,Variant A,25.8624828,0.083652494
414,62,Location1,Device2,Variant B,19.22314591,0.086655785
415,41,Location3,Device1,Variant A,29.09182958,0.12982692
416,48,Location1,Device2,Control,21.3086231,0.10368137
417,43,Location3,Device2,Variant B,23.01609432,0.101842372
418,38,Location2,Device1,Variant A,22.29092093,0.131854567
419,51,Location1,Device1,Control,18.13151056,0.134430128
420,55,Location1,Device1,Variant B,26.02673694,0.128094774
421,41,Location1,Device1,Variant A,21.04790701,0.120498185
422,45,Location3,Device3,Variant B,15.08205139,0.097666611
423,47,Location2,Device3,Control,23.32931645,0.091275377
424,51,Location1,Device2,Variant B,23.96765916,0.106779045
425,40,Location3,Device3,Control,24.24199302,0.092821417
426,25,Location1,Device1,Control,22.0928089,0.089333885
427,59,Location1,Device3,Variant A,23.50594153,0.15767976
428,27,Location1,Device1,Control,14.51497094,0.078437391
429,18,Location1,Device3,Control,24.26254254,0.091455566
430,37,Location3,Device1,Variant A,20.28206503,0.111004663
431,54,Location2,Device2,Control,26.02456075,0.089201247
432,35,Location2,Device2,Variant A,20.56092686,0.11856545
433,38,Location1,Device3,Variant A,33.1683679,0.114417579
434,21,Location3,Device1,Control,16.39352671,0.089420947
435,60,Location2,Device2,Variant B,35.6858454,0.10869517
436,19,Location2,Device1,Control,18.41782787,0.099387773
437,38,Location1,Device3,Variant B,33.30563856,0.109701016
438,54,Location1,Device1,Control,17.56495428,0.143735701
439,22,Location3,Device1,Variant A,31.99064268,0.132338904
440,34,Location2,Device3,Control,19.79893112,0.084798299
441,28,Location1,Device2,Variant A,29.75463442,0.103936559
442,63,Location3,Device3,Variant B,23.71908466,0.110706525
443,58,Location3,Device1,Control,21.3938185,0.13567439
444,48,Location3,Device3,Variant B,25.72876507,0.098622886
445,45,Location2,Device3,Control,21.49633567,0.071801256
446,61,Location2,Device1,Variant A,24.97985745,0.127587503
447,49,Location2,Device3,Variant A,28.82278297,0.133969415
448,38,Location3,Device2,Control,24.945702,0.099133154
449,24,Location3,Device2,Variant B,18.46606744,0.126196506
450,27,Location1,Device3,Control,16.57832738,0.080522546
451,45,Location1,Device1,Control,30.4640679,0.085383381
452,53,Location2,Device3,Control,19.53590869,0.067432763
453,37,Location2,Device3,Variant B,20.83437201,0.095476646
454,30,Location1,Device2,Control,13.81986997,0.118549968
455,36,Location2,Device2,Variant A,28.05269687,0.141945679
456,28,Location1,Device1,Control,15.09233839,0.080925113
457,52,Location1,Device1,Control,22.44141678,0.093726324
458,51,Location1,Device1,Variant A,30.35238407,0.15862147
459,61,Location3,Device3,Control,14.66649542,0.106529306
460,21,Location2,Device3,Variant B,17.57073545,0.113107116
461,30,Location3,Device3,Control,11.98387019,0.071597457
462,54,Location2,Device3,Variant B,16.31359779,0.10565389
463,19,Location3,Device1,Control,18.88491293,0.088599853
464,18,Location2,Device1,Control,23.15307518,0.081170076
465,57,Location2,Device1,Control,20.64141449,0.1273386
466,42,Location1,Device3,Variant B,24.06327448,0.097600013
467,54,Location3,Device3,Variant A,28.48378369,0.12055455
468,53,Location3,Device1,Control,23.79292716,0.085268609
469,23,Location2,Device2,Control,14.11487898,0.062339574
470,24,Location3,Device1,Control,13.51519254,0.092388027
471,21,Location2,Device3,Variant A,21.57556964,0.119072867
472,52,Location2,Device3,Control,23.32900709,0.10868169
473,58,Location1,Device1,Variant B,17.36865215,0.077082116
474,51,Location2,Device2,Variant A,14.50499532,0.139652828
475,46,Location3,Device2,Variant B,19.93630398,0.121345301
476,22,Location1,Device3,Variant B,27.55316148,0.092827976
477,44,Location2,Device3,Variant A,29.1873594,0.067176102
478,50,Location1,Device3,Variant A,26.36868904,0.126622692
479,63,Location1,Device1,Control,21.24196244,0.112019186
480,27,Location2,Device3,Variant A,29.00405779,0.11870609
481,23,Location3,Device3,Variant B,26.85196691,0.133272296
482,51,Location2,Device3,Control,20.43664817,0.057403353
483,25,Location2,Device2,Variant A,25.74641983,0.162870703
484,48,Location2,Device2,Variant B,29.50802417,0.08126102
485,26,Location2,Device3,Variant A,26.43480748,0.099292469
486,38,Location2,Device2,Control,24.55868842,0.057746201
487,25,Location3,Device2,Variant B,31.30313101,0.095748566
488,21,Location1,Device2,Variant A,30.02060326,0.139476181
489,39,Location3,Device2,Control,21.15113899,0.084182132
490,45,Location2,Device1,Variant A,19.31354831,0.125813688
491,62,Location1,Device2,Control,22.65394435,0.103613107
492,21,Location1,Device2,Variant B,21.06290038,0.101026585
493,56,Location1,Device2,Variant B,29.95558235,0.128865217
494,38,Location3,Device2,Variant A,20.05526895,0.129889121
495,25,Location3,Device1,Variant B,22.80495252,0.123305472
496,37,Location3,Device1,Variant A,23.32380318,0.142908659
497,49,Location2,Device3,Variant A,24.07391993,0.105783147
498,18,Location3,Device2,Variant B,26.89682393,0.137469032
499,23,Location3,Device2,Variant A,20.25013382,0.119401952
500,45,Location3,Device3,Variant A,29.6624121,0.093203003
501,61,Location1,Device1,Variant B,21.94874494,0.124477495
502,48,Location1,Device3,Control,24.99177996,0.118405296
503,27,Location2,Device1,Variant A,25.6854851,0.138716923
504,37,Location1,Device3,Variant A,21.87283734,0.115825937
505,25,Location2,Device3,Variant A,28.34668941,0.103591221
506,39,Location1,Device2,Variant B,36.24005989,0.085551757
507,55,Location2,Device3,Control,13.61054464,0.101682078
508,46,Location2,Device1,Variant B,22.39282495,0.083473114
509,26,Location1,Device1,Variant B,32.02972281,0.097340356
510,61,Location1,Device3,Variant B,17.87357006,0.074949237
511,64,Location3,Device1,Control,26.59665995,0.087751723
512,18,Location3,Device3,Variant B,29.01469521,0.080942806
513,58,Location2,Device2,Variant B,16.90552084,0.123400867
514,56,Location2,Device2,Variant B,19.72014597,0.119332919
515,43,Location2,Device2,Control,18.26239762,0.069167573
516,28,Location1,Device2,Control,21.87815382,0.104423676
517,52,Location1,Device3,Control,15.58988673,0.118045322
518,41,Location3,Device1,Control,25.22290709,0.123456667
519,50,Location1,Device3,Variant B,26.98997173,0.111805523
520,37,Location2,Device1,Control,20.11653714,0.121359512
521,44,Location3,Device3,Variant A,29.6557293,0.10154585
522,32,Location1,Device1,Variant B,30.33516867,0.132068217
523,50,Location2,Device1,Variant A,39.24675086,0.156557041
524,24,Location1,Device3,Control,24.89719442,0.067414556
525,51,Location1,Device2,Variant A,19.19699349,0.113371016
526,62,Location1,Device3,Variant B,23.5359071,0.148340902
527,63,Location2,Device2,Variant B,28.09410283,0.079789047
528,59,Location2,Device3,Variant B,17.95636767,0.140286531
529,22,Location1,Device1,Variant A,22.48265214,0.122051031
530,47,Location2,Device2,Variant B,21.91768208,0.123011301
531,45,Location1,Device1,Variant B,23.24145676,0.061147024
532,35,Location3,Device1,Variant A,20.25189871,0.097502811
533,53,Location2,Device1,Control,19.58899876,0.071891931
534,20,Location1,Device3,Variant B,20.74426211,0.115921432
535,38,Location1,Device1,Control,24.68024812,0.095643834
536,63,Location1,Device3,Control,29.30595933,0.100224349
537,33,Location3,Device2,Variant B,36.27615352,0.108282104
538,54,Location2,Device1,Variant A,31.8642704,0.122986509
539,59,Location1,Device2,Control,18.90860916,0.119068034
540,22,Location1,Device2,Variant A,24.98095485,0.126028661
541,31,Location1,Device3,Variant B,23.63240314,0.126320555
542,48,Location2,Device2,Variant B,24.34584044,0.088315391
543,63,Location3,Device3,Variant B,25.71044292,0.109252374
544,41,Location3,Device3,Variant B,24.36419972,0.101783598
545,52,Location1,Device2,Variant B,26.67223951,0.117037079
546,53,Location1,Device2,Variant B,26.50997885,0.137473654
547,27,Location2,Device2,Variant A,27.2574619,0.127873408
548,44,Location1,Device3,Variant B,17.54753249,0.102268657
549,44,Location3,Device3,Control,20.77814775,0.078751578
550,40,Location2,Device2,Control,21.1705337,0.117579075
551,30,Location2,Device3,Variant B,25.10945805,0.094667975
552,33,Location1,Device2,Variant A,20.67687979,0.137556386
553,52,Location3,Device3,Variant B,20.60921745,0.114661636
554,44,Location2,Device3,Variant B,14.96201627,0.117160413
555,56,Location2,Device1,Variant B,22.62718649,0.137725677
556,64,Location1,Device1,Variant B,20.60437231,0.124153651
557,34,Location3,Device2,Variant A,27.07335951,0.107284865
558,58,Location3,Device1,Control,25.15685334,0.124223334
559,18,Location2,Device3,Control,26.24245639,0.06778323
560,28,Location3,Device2,Control,16.06510197,0.077850982
561,29,Location1,Device1,Control,10.46903007,0.088213625
562,31,Location1,Device2,Control,17.36133018,0.08085114
563,25,Location2,Device2,Control,15.11044857,0.07179073
564,48,Location2,Device3,Variant A,27.26089301,0.126555435
565,24,Location3,Device1,Variant B,25.19937356,0.081458924
566,63,Location1,Device3,Variant A,23.77449699,0.131308866
567,48,Location3,Device2,Variant A,29.93103655,0.141235481
568,33,Location3,Device2,Variant A,19.0215909,0.110875388
569,59,Location2,Device2,Variant A,14.41068824,0.109489845
570,56,Location1,Device1,Variant A,19.88447571,0.12460413
571,61,Location1,Device3,Variant A,30.88817096,0.113473932
572,36,Location3,Device3,Variant B,25.7773676,0.108372722
573,25,Location1,Device1,Variant A,19.85499954,0.143646462
574,46,Location1,Device3,Variant A,26.01903154,0.144371757
575,19,Location3,Device3,Control,28.44394529,0.104129435
576,59,Location2,Device2,Control,19.16103409,0.099619241
577,20,Location2,Device2,Variant B,22.88003657,0.099545854
578,46,Location2,Device2,Variant A,24.52910241,0.102712128
579,32,Location3,Device1,Control,21.49399571,0.116346518
580,55,Location1,Device2,Variant A,22.48512477,0.134724277
581,45,Location3,Device3,Control,20.05845453,0.093236302
582,54,Location3,Device1,Control,20.441982,0.063633371
583,49,Location2,Device3,Control,23.88515293,0.073113618
584,47,Location1,Device1,Control,21.07923396,0.143092341
585,64,Location2,Device3,Variant A,28.44087653,0.106821661
586,47,Location1,Device1,Variant B,19.76627905,0.129701815
587,51,Location1,Device3,Control,15.96795124,0.10436017
588,30,Location2,Device2,Control,25.51957739,0.1092234
589,50,Location2,Device1,Variant B,24.78677677,0.088310439
590,59,Location3,Device3,Variant A,31.06529877,0.108041209
591,34,Location1,Device3,Control,19.83481423,0.120506063
592,20,Location1,Device3,Variant B,22.2121925,0.063840311
593,26,Location1,Device3,Variant A,31.09817764,0.087003156
594,28,Location1,Device2,Variant A,20.26652529,0.144806161
595,44,Location1,Device2,Variant A,18.16377327,0.116618703
596,45,Location3,Device1,Variant A,27.64188488,0.080696816
597,19,Location1,Device1,Variant A,24.32973789,0.123959358
598,18,Location3,Device3,Control,16.18125141,0.116213899
599,23,Location2,Device1,Control,9.936888688,0.119752644
600,42,Location3,Device3,Variant A,19.89364943,0.120917686
601,52,Location3,Device1,Variant B,25.63714387,0.128798126
602,33,Location3,Device1,Variant A,26.36989811,0.123616561
603,21,Location2,Device3,Control,23.4977786,0.088595641
604,64,Location1,Device2,Variant B,20.1416025,0.118392591
605,55,Location3,Device3,Control,21.29940136,0.120419705
606,61,Location2,Device2,Control,26.77973246,0.099205428
607,37,Location3,Device1,Variant B,18.64878638,0.111995015
608,42,Location3,Device2,Variant A,24.37406632,0.125006166
609,24,Location2,Device3,Variant A,24.56289017,0.0912139
610,38,Location3,Device1,Control,21.4185297,0.096063504
611,24,Location3,Device2,Variant B,23.60905169,0.137813043
612,46,Location1,Device2,Variant B,21.20858764,0.095136606
613,24,Location2,Device3,Control,20.13916823,0.104937253
614,20,Location3,Device1,Variant B,25.2049744,0.08069987
615,46,Location2,Device1,Control,22.09214145,0.115994816
616,46,Location2,Device2,Variant B,21.72519836,0.122507567
617,56,Location1,Device2,Variant A,26.35593555,0.091487644
618,55,Location1,Device2,Control,30.22561661,0.10780933
619,23,Location1,Device1,Variant B,19.0611194,0.110002715
620,63,Location3,Device2,Variant B,21.40287677,0.099372225
621,27,Location3,Device2,Variant B,23.22342482,0.12241696
622,54,Location3,Device1,Control,27.65940791,0.077682734
623,31,Location3,Device1,Variant B,21.74190452,0.133732422
624,39,Location3,Device3,Variant B,24.5636722,0.11006436
625,49,Location3,Device1,Variant B,25.73154453,0.115664426
626,35,Location2,Device1,Control,23.32473491,0.119500592
627,53,Location2,Device3,Control,16.04274467,0.097876768
628,63,Location1,Device1,Variant A,30.93886165,0.119291505
629,26,Location3,Device3,Control,12.97052285,0.105742485
630,43,Location2,Device1,Control,14.92125549,0.090172043
631,39,Location1,Device3,Control,22.40995609,0.126294189
632,63,Location1,Device2,Variant A,28.27029318,0.132120617
633,55,Location1,Device2,Variant A,16.00339303,0.114849705
634,40,Location1,Device2,Variant B,21.54909638,0.128377851
635,34,Location2,Device3,Control,13.49837679,0.138550086
636,43,Location2,Device2,Variant B,25.75702937,0.078761062
637,64,Location2,Device1,Variant B,34.94222778,0.088741972
638,55,Location1,Device3,Variant B,18.04839024,0.08536489
639,19,Location1,Device1,Control,15.46132532,0.101870125
640,23,Location3,Device1,Control,13.05040646,0.109215637
641,24,Location3,Device1,Variant A,21.49976,0.148102806
642,30,Location1,Device3,Variant A,21.56805018,0.129763792
643,44,Location2,Device1,Variant B,29.74382019,0.117612125
644,28,Location1,Device2,Variant B,24.77105547,0.11135934
645,32,Location3,Device3,Control,27.05893548,0.081680522
646,26,Location3,Device2,Variant A,18.65426159,0.144251694
647,25,Location2,Device3,Variant B,28.45675217,0.123268622
648,63,Location1,Device1,Variant B,33.24367926,0.095268023
649,23,Location3,Device2,Variant A,24.1520235,0.127100929
650,60,Location2,Device3,Control,18.839568,0.08284753
651,21,Location3,Device1,Variant B,23.01390361,0.060725089
652,28,Location2,Device1,Control,23.80995857,0.092642979
653,45,Location3,Device3,Variant B,18.46656976,0.100610791
654,43,Location3,Device3,Control,17.49816233,0.074783132
655,21,Location1,Device3,Variant B,34.88953344,0.133028433
656,32,Location2,Device3,Variant B,18.26842837,0.112763255
657,36,Location2,Device2,Variant B,30.49163807,0.139125004
658,23,Location3,Device3,Control,22.80675696,0.089967348
659,22,Location1,Device1,Variant A,31.96364169,0.136861431
660,35,Location3,Device2,Control,18.34592492,0.105044335
661,23,Location3,Device1,Control,27.70261863,0.095462609
662,48,Location3,Device1,Control,18.31423597,0.061236881
663,42,Location2,Device3,Variant B,12.59659453,0.131884546
664,21,Location1,Device2,Variant B,27.39046903,0.134703765
665,23,Location3,Device3,Control,20.52571493,0.071666666
666,58,Location3,Device1,Control,15.08499578,0.100645373
667,54,Location3,Device3,Variant B,30.44189303,0.113241251
668,42,Location2,Device3,Variant A,21.76790673,0.082535816
669,51,Location3,Device3,Variant B,32.6438247,0.116746915
670,36,Location2,Device3,Variant B,20.06648129,0.13260096
671,51,Location2,Device3,Control,17.36406129,0.084168525
672,32,Location2,Device3,Control,16.7108192,0.140296688
673,25,Location2,Device2,Variant B,26.32214234,0.100493077
674,61,Location2,Device3,Control,25.49400005,0.096282497
675,64,Location1,Device2,Variant B,30.05122167,0.146012665
676,51,Location2,Device3,Variant A,30.12409718,0.102349437
677,35,Location2,Device2,Control,22.36640752,0.096244837
678,47,Location3,Device1,Variant A,25.65823318,0.136383844
679,30,Location1,Device2,Variant B,26.32152782,0.118334251
680,64,Location1,Device2,Variant A,21.41879911,0.120093691
681,50,Location3,Device1,Control,20.36208841,0.101306319
682,52,Location2,Device3,Variant A,24.52599717,0.11555421
683,41,Location1,Device3,Control,26.4626687,0.068712423
684,43,Location2,Device2,Variant A,27.22073773,0.100388337
685,64,Location3,Device3,Control,16.6856845,0.098347206
686,61,Location1,Device3,Variant B,30.21685201,0.104882826
687,59,Location2,Device1,Variant A,26.12312772,0.148706643
688,64,Location1,Device3,Variant A,27.16676244,0.103869094
689,18,Location1,Device3,Variant A,19.89216262,0.116097803
690,30,Location2,Device2,Control,20.90242977,0.102410204
691,27,Location2,Device3,Variant A,26.56322569,0.080602831
692,36,Location1,Device3,Variant A,24.07443562,0.107718426
693,22,Location3,Device2,Control,28.92397345,0.101146665
694,25,Location1,Device2,Control,26.14605125,0.123617214
695,21,Location3,Device2,Variant A,19.75756705,0.09169972
696,30,Location1,Device3,Variant A,21.77469707,0.109733561
697,55,Location2,Device3,Control,22.07598046,0.073500165
698,63,Location3,Device3,Variant A,25.94634241,0.112591278
699,63,Location3,Device3,Variant A,22.57313977,0.127687579
700,36,Location1,Device3,Variant B,27.76944736,0.107643391
701,25,Location1,Device3,Variant B,24.12759466,0.105363947
702,44,Location3,Device2,Variant A,23.39272424,0.116817935
703,64,Location2,Device2,Variant B,20.45562889,0.110651284
704,47,Location3,Device3,Variant B,18.53130908,0.083543905
705,21,Location3,Device1,Control,13.92749081,0.094553041
706,28,Location2,Device2,Variant A,28.3307284,0.12180718
707,38,Location2,Device3,Variant A,30.72387033,0.139770225
708,60,Location1,Device2,Variant B,32.7206302,0.098365593
709,19,Location1,Device1,Variant B,33.27978934,0.06179573
710,38,Location1,Device2,Variant A,30.47496534,0.11141947
711,34,Location2,Device2,Control,23.04307414,0.093308579
712,60,Location3,Device2,Variant A,18.39568796,0.125013236
713,46,Location2,Device2,Control,21.91866473,0.116390956
714,44,Location1,Device3,Variant A,18.26837665,0.133204539
715,41,Location3,Device1,Variant A,32.09151223,0.126526212
716,20,Location1,Device3,Control,22.22867554,0.10213535
717,56,Location3,Device2,Control,23.3833138,0.079283134
718,27,Location2,Device2,Control,18.42753572,0.101874364
719,20,Location1,Device2,Control,20.61086176,0.101499196
720,62,Location2,Device1,Control,22.07987703,0.089807629
721,59,Location2,Device1,Control,20.30692892,0.060846628
722,43,Location2,Device3,Control,13.29534904,0.126220722
723,54,Location3,Device2,Variant B,21.1947223,0.128977151
724,44,Location2,Device1,Variant A,21.91550625,0.120158382
725,22,Location2,Device2,Control,27.88463411,0.10411915
726,59,Location3,Device3,Variant B,22.71979313,0.11168646
727,28,Location2,Device3,Variant A,31.30852591,0.147227854
728,30,Location2,Device1,Variant A,31.43047097,0.125639856
729,58,Location2,Device3,Variant A,19.80772512,0.098095724
730,51,Location3,Device1,Variant B,10.0299523,0.093323499
731,55,Location3,Device2,Variant B,27.27125323,0.083496391
732,57,Location1,Device1,Variant A,25.15383044,0.107844221
733,50,Location2,Device3,Variant B,19.44851115,0.127112907
734,51,Location3,Device2,Variant B,27.63436517,0.096410359
735,44,Location2,Device3,Control,29.98393447,0.083017701
736,53,Location3,Device2,Variant B,20.50937377,0.083690901
737,43,Location3,Device2,Variant A,26.02638369,0.10219429
738,42,Location3,Device2,Variant A,22.61676967,0.11270842
739,36,Location1,Device2,Variant B,20.7746411,0.098166514
740,38,Location2,Device3,Variant B,24.44223608,0.10454288
741,48,Location3,Device1,Variant A,19.73788625,0.116682225
742,46,Location2,Device2,Variant A,26.64159745,0.125055466
743,26,Location3,Device3,Variant B,20.32754109,0.118138282
744,36,Location2,Device3,Variant B,28.51936023,0.123641749
745,43,Location2,Device3,Control,21.57531484,0.139926617
746,42,Location3,Device1,Variant A,31.27842917,0.100426686
747,57,Location2,Device3,Variant B,22.11368816,0.096314657
748,60,Location1,Device3,Variant B,25.03521035,0.131655753
749,46,Location1,Device1,Variant B,25.74524627,0.146512765
750,42,Location2,Device3,Variant A,20.01135761,0.088062326
751,36,Location2,Device3,Control,14.18748,0.063335089
752,21,Location3,Device1,Variant B,17.72988559,0.091644868
753,62,Location3,Device1,Control,21.04550935,0.094962472
754,37,Location2,Device1,Variant A,17.48459829,0.139847927
755,63,Location2,Device2,Control,17.33119284,0.114961092
756,18,Location2,Device1,Control,10.31253024,0.087053981
757,28,Location2,Device2,Control,13.76514248,0.092272212
758,21,Location1,Device2,Variant A,25.46355413,0.129369468
759,24,Location2,Device1,Variant A,16.72930516,0.131706101
760,45,Location3,Device2,Variant B,21.88833962,0.141926433
761,53,Location1,Device3,Variant B,16.96630954,0.115922758
762,24,Location2,Device3,Variant B,19.74699224,0.086231027
763,37,Location3,Device1,Control,9.827351428,0.074836674
764,52,Location1,Device2,Control,15.00091715,0.092442119
765,56,Location2,Device3,Control,17.25012775,0.103385292
766,38,Location2,Device2,Variant A,33.11009971,0.126397351
767,61,Location2,Device2,Variant B,33.46720248,0.105419862
768,18,Location2,Device3,Variant A,22.96225728,0.110373619
769,54,Location1,Device1,Control,9.294297813,0.119065948
770,63,Location3,Device2,Variant B,23.04636665,0.132676878
771,59,Location2,Device3,Variant A,24.46765703,0.119101596
772,20,Location1,Device1,Variant B,25.58013431,0.143495119
773,51,Location1,Device2,Variant B,17.95303887,0.108503019
774,30,Location3,Device2,Variant B,20.25341471,0.091707301
775,33,Location1,Device2,Control,28.70139596,0.107339303
776,51,Location1,Device2,Control,21.20446521,0.096759799
777,41,Location3,Device1,Variant B,20.73448327,0.112347812
778,30,Location1,Device2,Control,19.54586817,0.079362635
779,23,Location1,Device3,Variant A,17.78136185,0.138302426
780,56,Location3,Device3,Variant A,23.25827528,0.145135761
781,19,Location1,Device3,Variant A,27.92941463,0.125066499
782,28,Location3,Device1,Control,10.40210209,0.079670989
783,24,Location2,Device3,Variant B,12.96859532,0.091493008
784,24,Location2,Device2,Variant A,22.03294514,0.10823275
785,56,Location2,Device2,Variant A,21.58334464,0.106499373
786,56,Location2,Device3,Control,16.85367948,0.131861777
787,29,Location1,Device1,Control,23.22537873,0.111515487
788,39,Location2,Device1,Control,17.26418148,0.09576567
789,20,Location3,Device2,Variant B,22.30838096,0.135569958
790,30,Location3,Device2,Variant B,16.84720282,0.112245781
791,47,Location3,Device3,Control,11.13304157,0.122911176
792,27,Location3,Device1,Variant A,27.78058424,0.151113646
793,26,Location2,Device3,Control,27.67106074,0.107805481
794,23,Location3,Device2,Variant A,29.85358333,0.124280097
795,61,Location2,Device2,Control,20.31287081,0.068551394
796,19,Location3,Device3,Variant B,16.26677248,0.13423327
797,61,Location3,Device1,Variant A,27.22952457,0.101795076
798,33,Location2,Device2,Variant B,24.02377582,0.114073537
799,30,Location2,Device2,Variant A,29.04133763,0.159415092
800,30,Location1,Device1,Variant A,19.75016509,0.10890747
801,39,Location1,Device2,Control,17.98815862,0.086138854
802,36,Location1,Device1,Variant A,19.48500311,0.129152342
803,43,Location3,Device1,Control,10.86742348,0.10010399
804,31,Location3,Device2,Variant B,24.89748488,0.117591672
805,48,Location3,Device3,Control,15.19565129,0.104100012
806,46,Location1,Device2,Variant B,20.38641968,0.108947969
807,62,Location1,Device2,Variant B,20.78359801,0.126041834
808,59,Location1,Device2,Control,22.66305049,0.079036839
809,39,Location3,Device2,Variant A,17.18678365,0.099259224
810,24,Location2,Device3,Variant B,18.04222929,0.111888833
811,54,Location1,Device3,Variant A,28.07640741,0.124117612
812,58,Location2,Device3,Variant B,24.66842896,0.098732176
813,44,Location3,Device1,Variant B,18.46139149,0.072363337
814,48,Location1,Device3,Variant B,15.96881458,0.092251862
815,23,Location3,Device1,Control,12.78576931,0.118390793
816,33,Location2,Device2,Control,16.19095147,0.154198334
817,55,Location3,Device3,Variant B,26.67442794,0.100678983
818,55,Location3,Device3,Control,22.41848322,0.107391218
819,49,Location1,Device3,Control,19.42718703,0.053208573
820,50,Location2,Device3,Variant B,18.90353043,0.107646605
821,34,Location1,Device3,Variant B,20.55751247,0.08591391
822,50,Location3,Device2,Control,17.37840178,0.098671706
823,28,Location3,Device3,Control,25.37013562,0.112903259
824,30,Location2,Device1,Variant B,28.1107683,0.093403691
825,47,Location3,Device1,Control,25.70069434,0.109281073
826,18,Location1,Device3,Variant B,16.93968862,0.153886305
827,47,Location2,Device1,Variant A,26.91586774,0.142149132
828,44,Location3,Device3,Variant B,26.19550606,0.107773745
829,57,Location1,Device2,Variant B,13.31478215,0.091948956
830,40,Location1,Device1,Variant B,23.41193091,0.161351409
831,37,Location2,Device3,Variant A,17.9838673,0.117732212
832,23,Location3,Device1,Variant B,25.0450517,0.125032262
833,54,Location1,Device3,Variant B,30.57424558,0.086948718
834,37,Location2,Device1,Variant B,27.7448262,0.119137606
835,54,Location1,Device2,Variant A,25.59946289,0.11655189
836,23,Location3,Device1,Variant A,24.74840831,0.094584854
837,46,Location1,Device1,Control,20.82784927,0.081327674
838,30,Location3,Device1,Variant A,25.64695335,0.099059687
839,44,Location1,Device1,Variant B,28.1154901,0.063542417
840,37,Location3,Device3,Variant B,22.88308187,0.111431041
841,30,Location1,Device2,Control,24.99935915,0.084351609
842,56,Location1,Device2,Control,20.60176533,0.101721543
843,25,Location2,Device1,Variant B,26.63227962,0.106698462
844,34,Location3,Device1,Control,21.64703246,0.104846965
845,47,Location1,Device2,Variant A,30.81491556,0.106431907
846,18,Location2,Device2,Variant B,21.7790285,0.113822249
847,41,Location1,Device2,Variant B,23.26484583,0.139018069
848,33,Location2,Device2,Variant A,17.24719553,0.118679731
849,28,Location1,Device1,Variant B,23.72086421,0.089131547
850,21,Location2,Device2,Variant B,31.69254008,0.057648481
851,21,Location3,Device1,Variant A,27.04421462,0.113581681
852,34,Location1,Device1,Control,20.22224449,0.123520699
853,27,Location3,Device2,Variant B,26.23693337,0.086757985
854,38,Location3,Device3,Variant A,29.13326727,0.147766944
855,55,Location2,Device1,Variant A,26.80652709,0.12335299
856,35,Location3,Device2,Control,15.39840802,0.117466161
857,27,Location2,Device1,Control,21.4030662,0.080149847
858,62,Location2,Device3,Variant B,26.29643098,0.093360283
859,33,Location2,Device2,Variant A,24.47333761,0.132523266
860,56,Location2,Device1,Variant B,25.91560535,0.102455789
861,32,Location2,Device3,Variant A,22.25404914,0.105206504
862,51,Location1,Device3,Variant A,25.16267999,0.104704591
863,22,Location1,Device1,Variant B,16.11462674,0.119742879
864,34,Location3,Device2,Variant B,20.06546256,0.094852599
865,54,Location1,Device2,Variant A,25.05759737,0.085984141
866,25,Location2,Device1,Variant A,29.0123493,0.116857615
867,41,Location2,Device3,Variant B,16.21659963,0.077564709
868,45,Location1,Device3,Control,14.70666404,0.069446996
869,64,Location3,Device3,Variant A,24.26677237,0.106441422
870,25,Location3,Device3,Control,16.05524442,0.103248032
871,40,Location1,Device1,Variant B,21.74026149,0.148922805
872,52,Location2,Device3,Control,21.53592269,0.114101925
873,48,Location2,Device1,Control,20.29090446,0.110289967
874,34,Location3,Device2,Variant A,23.15734318,0.127614726
875,45,Location1,Device2,Variant A,24.22592834,0.161025508
876,29,Location2,Device3,Control,22.17909901,0.121366125
877,41,Location3,Device3,Variant A,21.33715969,0.080673689
878,32,Location3,Device3,Control,22.46462925,0.099364545
879,57,Location1,Device2,Control,26.23127634,0.092030094
880,48,Location3,Device1,Variant B,20.39207575,0.144240992
881,44,Location2,Device1,Control,23.1440063,0.112046188
882,52,Location3,Device1,Variant B,21.32808335,0.103924412
883,35,Location3,Device3,Variant A,22.85822974,0.098174004
884,53,Location3,Device1,Control,30.36499488,0.103207605
885,25,Location1,Device3,Variant B,22.36975135,0.102755999
886,63,Location2,Device2,Variant B,18.68603292,0.073113105
887,55,Location3,Device1,Variant B,16.56231956,0.107900358
888,22,Location1,Device3,Control,16.52516108,0.098333233
889,31,Location3,Device1,Variant A,20.66357175,0.10885856
890,55,Location2,Device2,Control,22.48234077,0.012975345
891,37,Location3,Device1,Variant A,24.71730926,0.135698343
892,61,Location1,Device1,Variant B,30.88934939,0.088684059
893,26,Location3,Device2,Control,17.47095827,0.064910324
894,50,Location3,Device3,Variant B,32.04058469,0.091114802
895,35,Location3,Device3,Variant A,21.86704239,0.104512542
896,23,Location1,Device3,Variant B,17.23790874,0.116422812
897,54,Location3,Device1,Variant B,16.02107843,0.091945748
898,19,Location3,Device1,Variant A,21.57265457,0.142040985
899,47,Location1,Device3,Variant A,31.55495068,0.117344995
900,23,Location1,Device3,Variant B,18.78382172,0.114706605
901,34,Location2,Device1,Variant A,31.53239037,0.092978991
902,56,Location1,Device3,Control,16.2152093,0.107463414
903,58,Location3,Device3,Control,23.39185267,0.077012889
904,40,Location3,Device1,Variant A,21.52950324,0.123520817
905,48,Location1,Device2,Control,22.75390264,0.096150061
906,37,Location2,Device1,Variant B,27.11494347,0.13970532
907,22,Location1,Device3,Variant A,18.75674441,0.14872086
908,38,Location2,Device3,Control,12.7359404,0.099404476
909,60,Location1,Device2,Variant A,23.3025474,0.126696098
910,28,Location2,Device2,Control,22.1506836,0.084220294
911,21,Location2,Device1,Variant A,29.01802815,0.098728609
912,40,Location3,Device2,Variant B,27.13498101,0.102595988
913,55,Location2,Device3,Variant B,30.05356089,0.141263429
914,47,Location3,Device3,Variant A,17.05254318,0.148766143
915,59,Location1,Device3,Control,30.64200462,0.073799215
916,58,Location1,Device3,Control,25.16816801,0.036410852
917,35,Location1,Device2,Variant A,32.19771129,0.114634905
918,58,Location1,Device3,Control,21.18807232,0.13502888
919,60,Location1,Device3,Control,27.15466319,0.093055283
920,48,Location3,Device3,Variant A,26.16685581,0.118555281
921,47,Location1,Device1,Control,13.5418479,0.124003683
922,51,Location2,Device1,Variant B,27.65207749,0.103789015
923,48,Location3,Device3,Control,11.12834852,0.081730688
924,64,Location2,Device2,Variant A,31.74518664,0.079465586
925,55,Location3,Device2,Variant A,16.91681686,0.125703968
926,42,Location2,Device1,Variant A,35.81099648,0.123709213
927,34,Location3,Device1,Variant B,15.20668155,0.123773086
928,53,Location1,Device2,Control,18.10811647,0.105141235
929,57,Location3,Device1,Variant A,27.24371117,0.092707943
930,47,Location3,Device1,Variant A,24.43939091,0.147308705
931,19,Location2,Device3,Variant A,33.13025849,0.153676384
932,41,Location3,Device2,Control,20.39913663,0.117827985
933,26,Location3,Device3,Control,25.13982112,0.106596059
934,18,Location1,Device1,Control,21.84341196,0.098122372
935,41,Location2,Device1,Control,26.13115127,0.110353519
936,55,Location3,Device1,Control,24.48946943,0.118521884
937,44,Location2,Device1,Control,25.70057233,0.115215592
938,43,Location3,Device2,Variant A,37.22896838,0.145326332
939,43,Location3,Device2,Variant B,10.04728632,0.127254301
940,24,Location2,Device2,Variant A,29.60274339,0.097137948
941,42,Location1,Device2,Variant B,24.04630145,0.116953683
942,33,Location3,Device3,Variant A,29.46980082,0.115752475
943,55,Location3,Device3,Variant A,25.69025187,0.114861998
944,59,Location3,Device3,Variant B,13.73725118,0.127037239
945,35,Location2,Device1,Variant A,17.99693261,0.123087733
946,34,Location1,Device2,Variant B,29.07296837,0.094986665
947,61,Location3,Device2,Variant B,28.64312999,0.126478067
948,64,Location3,Device2,Variant B,20.53799377,0.123543759
949,23,Location3,Device3,Variant A,14.81644857,0.102397072
950,37,Location2,Device1,Control,22.61235109,0.111042014
951,40,Location2,Device1,Variant A,23.21570855,0.141526428
952,63,Location2,Device1,Variant A,18.12579887,0.149573393
953,29,Location2,Device3,Variant B,28.00295643,0.109604165
954,29,Location1,Device2,Variant B,23.39863787,0.095621825
955,51,Location2,Device3,Control,21.74376896,0.082572316
956,25,Location2,Device2,Variant B,21.54255779,0.106885924
957,44,Location3,Device1,Control,21.95971592,0.113712601
958,25,Location2,Device2,Variant A,20.04508624,0.115097748
959,50,Location1,Device1,Variant B,20.15044077,0.097937312
960,54,Location1,Device1,Variant A,27.99977781,0.134439513
961,36,Location3,Device1,Control,16.47830922,0.085382178
962,41,Location1,Device2,Control,18.45580734,0.11291586
963,39,Location2,Device3,Control,17.61801674,0.102011959
964,20,Location2,Device1,Variant A,28.86785453,0.144950991
965,26,Location1,Device2,Control,19.08371254,0.097903184
966,28,Location1,Device1,Control,18.64505899,0.095724805
967,23,Location2,Device2,Variant A,17.36191659,0.0881442
968,56,Location3,Device3,Variant A,24.71196748,0.066810525
969,56,Location2,Device1,Control,9.896912216,0.068119443
970,54,Location3,Device1,Variant B,25.47431182,0.108163656
971,19,Location3,Device1,Control,17.7089409,0.064569606
972,54,Location1,Device3,Variant B,22.10837139,0.134040898
973,23,Location3,Device2,Variant A,24.17971258,0.116139685
974,23,Location2,Device1,Variant A,25.00414701,0.120317843
975,56,Location2,Device1,Variant A,17.58213688,0.141527095
976,53,Location1,Device3,Variant A,17.25980273,0.112407978
977,42,Location3,Device2,Variant A,33.51712165,0.150770968
978,33,Location2,Device3,Variant A,34.99172648,0.1447803
979,38,Location3,Device3,Variant A,22.67324573,0.16807214
980,27,Location2,Device1,Variant B,19.52597946,0.067846455
981,22,Location2,Device2,Control,19.4049043,0.089949978
982,42,Location2,Device1,Control,15.41173973,0.097013831
983,48,Location2,Device1,Variant A,28.1717589,0.144396466
984,20,Location1,Device3,Variant A,31.64812877,0.121158746
985,37,Location1,Device3,Variant A,24.54331747,0.137413544
986,21,Location3,Device1,Control,22.13450728,0.106503107
987,31,Location3,Device3,Variant B,21.04067601,0.123890251
988,29,Location1,Device3,Variant B,23.944344,0.093793871
989,31,Location2,Device2,Variant B,32.95276305,0.098476346
990,54,Location3,Device1,Control,19.35740246,0.100895553
991,35,Location3,Device1,Variant B,22.4098083,0.100950633
992,44,Location1,Device2,Variant A,20.16148302,0.098470226
993,24,Location3,Device3,Variant A,27.39052704,0.095718433
994,52,Location1,Device2,Control,15.01234963,0.071913977
995,39,Location2,Device2,Variant B,17.25202987,0.092210967
996,38,Location3,Device2,Control,30.07589752,0.07815119
997,60,Location2,Device3,Control,31.92922281,0.125213208
998,35,Location2,Device2,Variant B,14.68029888,0.095422968
999,55,Location1,Device1,Variant B,25.80316889,0.16668756
